City_ID,City,Lat,Lng,Max Temp,Humidity,Cloudiness,Wind Speed,Country,Date
0,isafjordur,66.0755,-23.124,-6.05,66,9,1.67,IS,1712108132
1,fortuna,40.5982,-124.1573,12.18,94,100,4.63,US,1712108133
2,bansi,27.1833,82.9333,26.01,16,76,5.19,IN,1712108134
3,kodinsk,58.6881,99.1844,-2.53,94,85,2.28,RU,1712108134
4,beruniy,41.6911,60.7525,4.98,75,0,0.0,UZ,1712108135
5,udachny,66.4167,112.4,-9.85,84,100,7.23,RU,1712107619
6,rongelap,11.1635,166.8941,26.81,80,100,7.52,MH,1712108136
7,kill devil hills,36.0307,-75.676,20.0,79,0,6.69,US,1712108137
8,blackmans bay,-43.0167,147.3167,13.07,59,100,0.89,AU,1712108138
9,arnprior,45.4334,-76.3494,8.41,51,100,6.74,CA,1712108025
10,albany,42.6001,-73.9662,6.23,93,100,0.45,US,1712108133
11,kuanda,56.3161,116.0806,-6.31,85,51,1.3,RU,1712108140
12,grytviken,-54.2811,-36.5092,3.91,78,19,5.3,GS,1712108140
13,badger,64.8,-147.5333,-9.07,54,75,5.14,US,1712107550
14,ushuaia,-54.8,-68.3,1.81,80,20,2.06,AR,1712108002
15,waitangi,-43.9535,-176.5597,16.01,88,100,4.02,NZ,1712108142
16,usogorsk,63.4106,48.6872,-12.96,97,100,3.27,RU,1712108143
17,port-aux-francais,-49.35,70.2167,6.81,82,99,12.68,TF,1712108144
18,maragogi,-9.0122,-35.2225,27.14,86,95,2.58,BR,1712108144
19,adamstown,-25.066,-130.1015,24.35,70,100,11.68,PN,1712108145
20,praia da vitoria,38.7333,-27.0667,17.09,77,20,10.75,PT,1712107458
21,kapuskasing,49.4169,-82.4331,4.05,38,100,5.14,CA,1712108146
22,bethel,41.3712,-73.414,6.47,86,100,0.89,US,1712107947
23,puerto deseado,-47.7503,-65.8938,10.0,76,100,9.41,AR,1712107882
24,menongue,-14.6585,17.691,16.98,94,100,1.53,AO,1712108149
25,bilibino,68.0546,166.4372,-12.91,61,11,0.61,RU,1712108023
26,holmen,43.9633,-91.2562,1.27,91,100,7.2,US,1712108150
27,la ronge,55.1001,-105.2842,8.14,34,75,5.14,CA,1712108009
28,enewetak,11.3474,162.3373,26.84,80,78,9.36,MH,1712108152
29,pasni,25.2631,63.471,24.99,62,100,3.46,PK,1712108153
30,punta arenas,-53.15,-70.9167,2.06,87,20,3.6,CL,1712107764
31,constantia,44.1833,28.65,8.38,63,67,3.41,RO,1712107523
32,khetri,27.9833,75.8,23.47,18,100,1.41,IN,1712108154
33,egilsstadir,65.2653,-14.3948,-6.05,79,75,2.57,IS,1712108155
34,severo-yeniseyskiy,60.3725,93.0408,-3.57,97,100,1.79,RU,1712108156
35,oskarshamn,57.2645,16.4484,-1.12,95,100,7.18,SE,1712108157
36,klaksvik,62.2266,-6.589,0.51,58,100,11.2,FO,1712108157
37,shanghai,31.2222,121.4581,20.93,94,100,5.0,CN,1712107865
38,jabor,5.921,169.6434,27.86,80,99,7.27,MH,1712108159
39,iqaluit,63.7506,-68.5145,-1.15,100,100,1.03,CA,1712108159
40,pacocha,-17.5833,-71.3333,20.17,83,68,0.38,PE,1712108160
41,umm kaddadah,13.6017,26.6876,22.37,17,39,4.03,SD,1712108161
42,fale old settlement,-9.3852,-171.2468,29.52,70,94,0.94,TK,1712108161
43,invercargill,-46.4,168.35,15.57,69,100,1.79,NZ,1712108162
44,oranjemund,-28.55,16.4333,14.95,93,0,2.48,NA,1712108163
45,west island,-12.1568,96.8225,27.99,78,40,5.66,CC,1712108164
46,bredasdorp,-34.5322,20.0403,15.17,91,77,1.81,ZA,1712108057
47,kharabali,47.4196,47.2568,8.92,63,10,4.82,RU,1712108165
48,papao,-17.75,-149.55,30.82,72,90,8.67,PF,1712107622
49,remire-montjoly,4.9167,-52.2667,28.02,89,75,1.54,GF,1712108166
50,yaren,-0.5472,166.916,27.8,76,100,2.0,NR,1712108167
51,deba,10.2086,11.3859,29.78,20,19,0.97,NG,1712108168
52,bodo,67.28,14.405,-7.9,67,0,6.17,NO,1712108168
53,jiexiu,37.0244,111.9125,7.8,82,100,5.08,CN,1712108169
54,port alfred,-33.5906,26.891,15.1,91,100,0.45,ZA,1712108170
55,jiayuguan,39.8167,98.3,7.98,41,68,4.12,CN,1712108170
56,avarua,-21.2078,-159.775,31.03,66,20,3.09,CK,1712108171
57,yuzhno-kurilsk,44.0306,145.8556,2.43,69,13,4.7,RU,1712108172
58,sinabang,2.4803,96.3801,28.66,75,100,0.72,ID,1712108172
59,prado,-17.3411,-39.2208,25.84,87,100,1.18,BR,1712108174
60,bodaybo,57.8506,114.1933,-3.19,87,95,1.3,RU,1712108055
61,vadso,70.0744,29.7487,-10.91,79,37,6.69,NO,1712108175
62,wailua homesteads,22.0669,-159.378,27.24,68,75,8.23,US,1712108000
63,revda,56.801,59.9303,4.18,97,100,5.61,RU,1712108176
64,hithadhoo,-0.6,73.0833,28.59,73,94,1.16,MV,1712108177
65,brisas de zicatela,15.8369,-97.0419,27.29,83,40,3.6,MX,1712108178
66,qamdo,31.1667,97.2333,-0.37,62,99,1.87,CN,1712107646
67,labrador city,52.9463,-66.9114,-0.05,69,100,2.57,CA,1712107589
68,aasiaat,68.7098,-52.8699,-10.14,87,100,2.1,GL,1712108180
69,laascaanood,8.4774,47.3597,22.25,78,12,2.85,SO,1712108181
70,olonkinbyen,70.9221,-8.7187,-2.64,65,100,7.81,SJ,1712108181
71,benjamin hill,30.1667,-111.1,19.0,30,9,4.38,MX,1712108182
72,cill airne,52.05,-9.5167,7.8,94,100,1.32,IE,1712108183
73,papatowai,-46.5619,169.4708,17.61,56,100,3.67,NZ,1712108183
74,gaspe,48.8334,-64.4819,0.95,86,40,2.06,CA,1712108090
75,pauini,-7.7136,-66.9764,24.16,89,76,1.33,BR,1712108184
76,saipan,15.1355,145.701,31.39,1,40,9.77,MP,1712108185
77,borogontsy,62.6683,131.1683,-7.94,88,100,4.18,RU,1712108186
78,ancud,-41.8697,-73.8203,9.79,68,100,3.85,CL,1712107901
79,lihue,21.9789,-159.3672,27.58,69,75,6.69,US,1712108128
80,aripuana,-9.1667,-60.6333,23.97,92,84,0.2,BR,1712108188
81,mukalla,14.5425,49.1242,25.53,78,48,1.03,YE,1712108188
82,ilulissat,69.2167,-51.1,-5.99,86,40,0.0,GL,1712108189
83,corinto,37.9407,22.9573,16.61,66,100,3.34,GR,1712108190
84,dimako,4.3833,13.5667,21.87,80,100,1.46,CM,1712108190
85,dzhalagash,45.0833,64.6667,8.12,53,0,3.8,KZ,1712108191
86,edinburgh of the seven seas,-37.0676,-12.3116,15.18,74,55,7.87,SH,1712108192
87,dakhla,23.6848,-15.958,18.22,84,0,10.76,EH,1712107605
88,bryne,58.7354,5.6477,5.52,90,100,1.03,NO,1712108193
89,urangan,-25.3,152.9,25.5,71,0,1.64,AU,1712108028
90,keminmaa,65.8596,24.8228,-9.13,57,0,4.12,FI,1712108194
91,ribeira grande,38.5167,-28.7,17.1,85,100,9.83,PT,1712108195
92,port blair,11.6667,92.75,28.02,83,17,0.0,IN,1712108196
93,pangkalanbuun,-2.6833,111.6167,30.13,73,68,1.31,ID,1712108196
94,cabo san lucas,22.8909,-109.9124,22.61,67,0,3.6,MX,1712108074
95,pont rouge,48.8833,-72.0825,-0.84,83,12,3.09,CA,1712108198
96,faya-largeau,17.9257,19.1043,26.31,14,79,6.11,TD,1712108199
97,karratha,-20.7377,116.8463,34.01,28,50,11.98,AU,1712108199
98,kinablangan,7.6947,126.5503,28.96,65,88,2.22,PH,1712108200
99,puerto ayora,-0.7393,-90.3518,25.86,93,100,1.34,EC,1712108201
100,hawaiian paradise park,19.5933,-154.9731,24.85,79,100,6.69,US,1712108201
101,mount isa,-20.7333,139.5,29.87,54,4,5.14,AU,1712108202
102,hermanus,-34.4187,19.2345,13.78,89,98,4.23,ZA,1712108203
103,richards bay,-28.783,32.0377,22.36,92,49,4.27,ZA,1712108203
104,san patricio,28.017,-97.5169,27.92,39,0,7.92,US,1712108204
105,lilongwe,-13.9669,33.7873,19.05,89,96,1.3,MW,1712108205
106,east london,-33.0153,27.9116,17.93,71,53,3.32,ZA,1712108205
107,weno,7.4515,151.8468,30.97,70,75,5.66,FM,1712108206
108,luderitz,-26.6481,15.1594,17.68,72,0,2.84,NA,1712108207
109,moratuwa,6.773,79.8816,26.01,84,100,2.08,LK,1712108207
110,cambria,35.5641,-121.0808,22.41,84,0,2.68,US,1712108208
111,quang ngai,15.1167,108.8,31.79,60,19,2.36,VN,1712108209
112,magistral'nyy,56.1725,107.4458,-7.57,85,71,2.36,RU,1712108209
113,ejura,7.3856,-1.3562,25.24,78,100,2.11,GH,1712108210
114,dunedin,-45.8742,170.5036,17.67,69,84,2.24,NZ,1712108201
115,balod,20.73,81.2047,30.24,20,4,3.2,IN,1712108212
116,ulanhot,46.0833,122.0833,6.8,22,31,8.14,CN,1712108212
117,tiksi,71.6872,128.8694,-19.5,96,100,2.1,RU,1712108213
118,buri ram,14.9943,103.1039,29.15,38,51,3.59,TH,1712108214
119,valentin gomez farias,28.2167,-106.5833,8.54,50,81,5.06,MX,1712108215
120,illizi,26.4833,8.4667,21.89,14,3,2.94,DZ,1712108216
121,glubokoye,50.1456,82.3114,2.86,93,100,3.0,KZ,1712108216
122,vorgashor,67.5833,63.95,-24.22,98,20,3.73,RU,1712108217
123,college,64.8569,-147.8028,-9.03,53,75,5.14,US,1712108017
124,fort bragg,35.139,-79.006,24.91,63,0,4.63,US,1712108134
125,jamestown,42.097,-79.2353,9.84,91,100,6.17,US,1712108141
126,santa marta,11.2408,-74.199,30.03,68,20,8.49,CO,1712108212
127,malango,-2.9627,119.9001,26.59,72,100,0.96,ID,1712108221
128,taulaga,-11.0553,-171.0883,28.61,75,100,2.24,AS,1712108222
129,freetown,8.484,-13.2299,27.84,61,0,3.09,SL,1712108223
130,kattivakkam,13.2167,80.3167,28.05,80,52,5.9,IN,1712108224
131,barclayville,4.6797,-8.2339,26.68,93,96,2.1,LR,1712108225
132,beloyarskiy,63.7119,66.6722,-6.67,75,100,5.81,RU,1712108225
133,la passe,45.5549,-0.8967,12.21,90,94,9.7,FR,1712108226
134,i-n-salah,27.1935,2.4607,23.66,19,0,5.66,DZ,1712108227
135,chingola,-12.529,27.8838,16.07,98,97,1.85,ZM,1712108227
136,hotan,37.0997,79.9269,10.42,26,100,3.24,CN,1712108229
137,antofagasta,-23.65,-70.4,19.6,85,0,0.9,CL,1712108066
138,trevelin,-43.0858,-71.4639,4.15,96,60,3.53,AR,1712108230
139,kermit,31.8576,-103.0927,16.69,29,0,5.14,US,1712108231
140,newman,37.3138,-121.0208,24.13,45,0,0.48,US,1712107997
141,thompson,55.7435,-97.8558,2.09,64,75,0.0,CA,1712108232
142,kodiak,57.79,-152.4072,2.73,28,0,7.72,US,1712108233
143,yellowknife,62.456,-114.3525,-0.71,64,75,5.66,CA,1712107951
144,stanley,54.868,-1.6985,6.55,98,100,2.57,GB,1712108234
145,mermoz boabab,14.7065,-17.4758,21.31,88,0,5.14,SN,1712108235
146,maffra,-37.9667,146.9833,15.33,66,96,4.67,AU,1712108236
147,ad dawadimi,24.5077,44.3924,13.64,75,6,2.34,SA,1712108237
148,pacific grove,36.6177,-121.9166,17.9,78,0,3.6,US,1712108094
149,alice springs,-23.7,133.8833,23.45,32,0,6.17,AU,1712108234
150,dno,57.8277,29.9637,10.69,96,26,1.6,RU,1712108239
151,brookings,44.3114,-96.7984,5.1,66,100,9.26,US,1712108240
152,utrik,11.2278,169.8474,26.79,78,100,8.3,MH,1712108240
153,pozo del molle,-32.0186,-62.9198,18.38,73,64,3.61,AR,1712108241
154,nizhneangarsk,55.7833,109.55,-11.67,84,50,0.89,RU,1712108242
155,geraldton,-28.7667,114.6,28.23,30,100,7.2,AU,1712108242
156,kalilangan,7.8211,124.7314,29.26,29,85,3.09,PH,1712108243
157,khuzdar,27.7384,66.6434,18.02,22,100,2.65,PK,1712108244
158,saint-pierre,-21.3393,55.4781,24.82,78,75,11.83,RE,1712108244
159,tura,25.5198,90.2201,26.43,52,50,1.84,IN,1712108245
160,codrington,-38.2667,141.9667,15.26,66,99,4.2,AU,1712108246
161,kununurra,-15.7667,128.7333,30.99,66,40,5.14,AU,1712107991
162,puerto natales,-51.7236,-72.4875,2.74,85,86,3.88,CL,1712108247
163,kuta,-8.7233,115.1723,28.97,88,20,1.54,ID,1712108248
164,batang,-6.4846,110.7083,29.46,76,28,0.82,ID,1712108094
165,abnub,27.2696,31.1511,20.12,35,0,3.43,EG,1712108250
166,liaoyuan,42.9036,125.1358,7.84,27,100,3.95,CN,1712108250
167,miramichi,47.0043,-65.4654,-0.26,94,100,3.43,CA,1712107990
168,aykhal,66.0,111.5,-9.89,80,100,6.85,RU,1712108252
169,saudarkrokur,65.7461,-19.6394,-11.11,83,21,3.82,IS,1712108252
170,cantley,53.5,-1.05,9.53,93,100,4.44,GB,1712108253
171,rabo de peixe,37.8,-25.5833,17.77,99,20,8.23,PT,1712108254
172,sao joao da barra,-21.6403,-41.0511,24.58,87,100,3.2,BR,1712108054
173,poronaysk,49.2167,143.1167,3.73,54,20,0.46,RU,1712108255
174,dos palos,36.9861,-120.6266,24.07,51,0,1.51,US,1712108256
175,smara,26.7384,-11.6719,15.34,76,0,4.45,EH,1712108256
176,mogocha,53.7333,119.7667,1.29,50,14,3.01,RU,1712108257
177,gorom-gorom,14.4439,-0.2361,31.29,13,79,3.05,BF,1712108258
178,kingston,17.997,-76.7936,27.53,69,20,9.26,JM,1712107615
179,dudinka,69.4058,86.1778,-10.18,94,100,6.71,RU,1712108259
180,ust'-ilimsk,58.0006,102.6619,-3.09,78,99,2.24,RU,1712108260
181,portachuelo,-17.35,-63.4,24.5,97,67,2.24,BO,1712108260
182,port mathurin,-19.6833,63.4167,26.68,82,98,6.2,MU,1712108262
183,hadibu,12.65,54.0333,25.78,80,69,3.26,YE,1712108262
184,gunjur,13.2019,-16.7339,23.04,68,0,6.81,GM,1712108264
185,rio grande,-32.035,-52.0986,18.33,69,3,2.38,BR,1712108046
186,santo domingo de los colorados,-0.25,-79.15,20.89,97,100,0.72,EC,1712108265
187,al khafji,28.4391,48.4913,22.34,42,8,4.25,SA,1712108183
188,melekeok village,7.4957,134.6367,27.31,89,100,5.66,PW,1712108266
189,nuuk,64.1835,-51.7216,-0.66,69,24,5.66,GL,1712108268
190,boa vista,2.8197,-60.6733,31.99,45,97,2.57,BR,1712108268
191,ust-nera,64.5667,143.2,-9.93,77,77,1.49,RU,1712108269
192,pokhara,28.2333,83.9833,25.09,21,84,0.57,NP,1712108270
193,atafu village,-8.5421,-172.5159,29.45,71,100,1.38,TK,1712108270
194,anadyr,64.75,177.4833,-8.72,85,75,14.75,RU,1712108271
195,berezovyy,51.6667,135.7,4.64,52,9,0.78,RU,1712108272
196,cachoeirinha,-29.9511,-51.0939,21.29,87,100,3.09,BR,1712108272
197,galliano,29.4422,-90.2992,24.0,88,100,5.14,US,1712108273
198,saurimo,-9.6608,20.3916,18.94,97,100,1.33,AO,1712108274
199,hamilton,39.1834,-84.5333,18.69,90,75,6.71,US,1712108008
200,longyearbyen,78.2186,15.6401,-16.09,72,75,4.12,SJ,1712108268
201,argo,37.6333,22.7333,16.55,63,100,2.11,GR,1712108276
202,vilyuysk,63.7553,121.6247,-7.78,94,100,3.58,RU,1712108277
203,rexburg,43.826,-111.7897,13.73,47,0,5.14,US,1712108278
204,castlegar,49.2998,-117.6689,13.38,84,63,1.72,CA,1712108278
205,tatarsk,55.219,75.9828,0.56,87,100,4.91,RU,1712108279
206,irvine,33.6695,-117.8231,24.9,57,20,2.57,US,1712108047
207,khost,33.3395,69.9204,14.03,45,0,2.41,AF,1712108280
208,colchani,-20.3,-66.9333,12.81,31,0,2.0,BO,1712108281
209,tazovsky,67.4667,78.7,-2.62,97,100,5.8,RU,1712108282
210,mana,5.6592,-53.7767,26.29,87,58,3.67,GF,1712108283
211,agat village,13.3886,144.6585,28.75,86,96,2.24,GU,1712108284
212,vicuna,-30.0319,-70.7081,11.85,49,0,0.67,CL,1712108141
213,lompoc,34.6391,-120.4579,17.23,80,0,4.12,US,1712108103
214,san antonio de pale,-1.4014,5.6325,28.47,77,100,2.22,GQ,1712108286
215,nuku'alofa,-21.1333,-175.2,29.19,74,20,5.66,TO,1712108238
216,namibe,-15.1961,12.1522,22.56,72,13,4.49,AO,1712108006
217,brak,27.5496,14.2714,21.81,21,3,5.68,LY,1712108288
218,tiquipaya,-17.3382,-66.2189,14.98,59,75,1.79,BO,1712108288
219,plastun,44.7561,136.2939,7.53,44,80,1.97,RU,1712108289
220,whitehorse,60.7161,-135.0538,4.5,40,75,2.57,CA,1712107552
221,skovorodino,53.9833,123.9167,1.77,56,28,5.12,RU,1712108290
222,cholpon-ata,42.6494,77.0823,0.03,61,99,0.71,KG,1712108291
223,undurkhaan,47.3194,110.6556,-2.43,40,0,5.18,MN,1712108292
224,alofi,-19.0595,-169.9187,29.94,74,75,8.23,NU,1712108293
225,sao felix do xingu,-6.6447,-51.995,23.14,99,100,0.31,BR,1712108294
226,buka,40.8108,69.1986,10.43,81,100,2.36,UZ,1712108295
227,salekhard,66.53,66.6019,-16.86,80,2,5.62,RU,1712108295
228,alta,69.9689,23.2717,-10.41,68,100,4.63,NO,1712108296
229,vila velha,-20.3297,-40.2925,26.97,87,0,3.6,BR,1712108224
230,aoulef,26.9667,1.0833,25.01,15,0,6.91,DZ,1712108297
231,kanazawa,36.5944,136.6256,17.0,75,100,1.68,JP,1712108138
232,shalqar,47.8333,59.6,7.33,75,75,1.61,KZ,1712108299
233,hirara,24.8,125.2833,27.15,83,20,10.29,JP,1712108299
234,margaret river,-33.95,115.0667,18.8,46,0,3.82,AU,1712108300
235,nadym,65.5333,72.5167,-6.15,92,100,12.42,RU,1712108301
236,abepura,-2.6333,140.5833,29.45,74,20,1.03,ID,1712108301
237,mgandu,-5.95,34.1333,15.86,98,90,2.38,TZ,1712108302
238,vilyuchinsk,52.9306,158.4028,4.15,84,94,3.13,RU,1712108303
239,grand baie,-20.0182,57.5802,26.26,80,100,3.13,MU,1712108303
240,buenos aires,-34.6132,-58.3772,20.85,72,0,10.28,AR,1712107590
241,djenne,13.9061,-4.5533,32.52,14,3,2.2,ML,1712108304
242,nha trang,12.25,109.1833,31.0,60,100,2.66,VN,1712108305
243,tual,-5.6667,132.75,27.42,84,98,8.03,ID,1712108306
244,kalmunai,7.4167,81.8167,27.62,81,99,1.9,LK,1712108306
245,nguigmi,14.2495,13.1092,28.06,20,41,4.49,NE,1712108307
246,port elizabeth,-33.918,25.5701,16.84,79,0,3.09,ZA,1712108308
247,koryazhma,61.3143,47.1691,-0.05,90,100,4.71,RU,1712108047
248,belyy yar,53.6039,91.3903,5.94,65,0,4.0,RU,1712108309
249,sitka,57.0531,-135.33,5.94,61,100,4.12,US,1712108180
250,saint-philippe,-21.3585,55.7679,24.77,83,100,6.98,RE,1712108310
251,zarate,-34.0981,-59.0286,15.08,92,26,2.0,AR,1712108311
252,upington,-28.4478,21.2561,21.21,60,0,1.54,ZA,1712108312
253,new norfolk,-42.7826,147.0587,13.29,48,100,2.33,AU,1712108313
254,sechenovo,55.2244,45.8906,9.21,81,99,6.5,RU,1712108314
255,juneau,58.3019,-134.4197,6.0,89,75,0.0,US,1712108315
256,kapa'a,22.0752,-159.319,27.99,69,75,6.69,US,1712108316
257,pueblo nuevo,23.3833,-105.3833,8.02,63,1,0.53,MX,1712108317
258,nemuro,43.3236,145.575,2.4,67,3,6.33,JP,1712108318
259,carnarvon,-24.8667,113.6333,31.39,36,93,8.74,AU,1712108319
260,nar'yan-mar,67.6713,53.087,-16.61,91,7,4.92,RU,1712108121
261,muhos,64.808,25.9931,-8.12,93,53,3.61,FI,1712108320
262,hovd,48.0056,91.6419,4.0,33,7,0.44,MN,1712108321
263,taiyuan,37.8694,112.5603,7.92,66,100,4.0,CN,1712108322
264,monroeville,40.4212,-79.7881,17.14,95,100,3.6,US,1712108322
265,tingi,-11.3,35.0333,16.92,95,58,1.61,TZ,1712108323
266,lospalos,-8.5186,127.0025,27.75,73,86,1.88,TL,1712108324
267,karwar,14.8,74.1333,24.8,73,0,1.13,IN,1712108324
268,georgetown,5.4112,100.3354,30.96,78,20,2.57,MY,1712108054
269,sikasso,10.9167,-7.0,34.33,23,100,1.85,ML,1712108326
270,juan de ayolas,-27.4,-56.9,22.85,81,0,3.71,PY,1712108326
271,mossel bay,-34.1831,22.146,16.38,85,46,1.13,ZA,1712108327
272,crespo,-32.0287,-60.3066,16.53,94,4,3.62,AR,1712108327
273,benejuzar,38.0799,-0.8285,13.91,83,0,0.89,ES,1712108328
274,cockburn town,21.4612,-71.1419,25.15,76,24,8.33,TC,1712108125
275,manta,-0.95,-80.7333,26.88,78,40,5.81,EC,1712108218
276,tolanaro,-25.0319,46.9987,23.04,83,75,3.09,MG,1712108330
277,ola,59.5833,151.2833,-2.08,58,0,3.46,RU,1712108258
278,portland,45.5234,-122.6762,23.99,33,75,5.14,US,1712108000
279,bac lieu,9.285,105.7244,29.99,59,87,4.9,VN,1712108332
280,santo antonio,-6.3106,-35.4789,25.36,91,33,1.34,BR,1712108222
281,scottburgh,-30.2867,30.7532,21.29,89,100,4.67,ZA,1712108333
282,kisesa,-3.0833,34.15,17.11,92,78,2.24,TZ,1712108334
283,chonchi,-42.6128,-73.8092,8.56,90,100,1.34,CL,1712108335
284,chul'man,56.8479,124.9104,-4.02,88,100,5.99,RU,1712108335
285,masterton,-40.9597,175.6575,18.39,47,8,3.65,NZ,1712108336
286,chilliwack,49.1747,-121.9443,15.23,75,100,5.81,CA,1712108338
287,conde,-7.2597,-34.9075,27.7,89,20,0.0,BR,1712108338
288,fada n'gourma,12.0622,0.3578,33.06,13,61,2.71,BF,1712108339
289,san julian,21.0167,-102.1667,21.2,24,97,5.65,MX,1712108340
290,kavieng,-2.5744,150.7967,29.69,72,95,5.13,PG,1712108340
291,talnakh,69.4865,88.3972,-11.11,95,100,5.73,RU,1712108317
292,stanthorpe,-28.6667,151.95,25.23,69,44,4.05,AU,1712108342
293,daru,-9.0763,143.2092,29.8,73,78,2.71,PG,1712108343
294,cody,44.5263,-109.0565,14.12,44,0,1.85,US,1712108314
295,ha'il,27.5219,41.6907,17.01,55,0,1.03,SA,1712108344
296,popondetta,-8.7537,148.2534,32.79,55,70,2.55,PG,1712108345
297,inarajan village,13.2736,144.7484,28.77,86,87,8.47,GU,1712108346
298,laguna,38.421,-121.4238,24.11,37,0,2.57,US,1712108347
299,dazhong,33.1997,120.4578,11.45,93,100,6.84,CN,1712108347
300,iskateley,67.6803,53.1512,-16.66,91,7,4.92,RU,1712108348
301,mutuali,-14.8706,37.0044,18.66,89,97,0.93,MZ,1712108349
302,forster,-32.1667,152.5167,25.16,47,81,3.48,AU,1712108349
303,lebu,-37.6167,-73.65,12.36,82,100,2.41,CL,1712108350
304,qaqortoq,60.7167,-46.0333,-8.93,77,6,2.17,GL,1712108351
305,colares,38.7992,-9.4469,15.42,97,14,2.68,PT,1712108351
306,xai-xai,-25.0519,33.6442,22.42,93,0,1.3,MZ,1712108353
307,kurumkan,54.3,110.3,-8.26,81,14,3.13,RU,1712108354
308,greymouth,-42.4667,171.2,15.4,78,100,2.23,NZ,1712108354
309,margate,51.3813,1.3862,9.94,93,100,3.13,GB,1712108174
310,amursk,50.2261,136.8994,0.55,77,58,1.72,RU,1712108356
311,mitu,1.1983,-70.1733,23.99,97,97,0.71,CO,1712108356
312,portrush,55.1959,-6.6493,6.82,92,100,4.98,GB,1712108357
313,dongcun,36.7767,121.1597,12.06,44,100,8.34,CN,1712108358
314,monki,53.405,22.7979,8.71,73,100,10.09,PL,1712108358
315,yukon,35.5067,-97.7625,12.78,57,0,4.12,US,1712108359
316,afaahiti,-17.75,-149.2833,30.93,77,85,8.09,PF,1712108360
317,midvagur,62.0511,-7.1939,0.46,64,75,1.54,FO,1712108360
318,beterou,9.1992,2.2586,27.81,74,71,2.75,BJ,1712108361
319,touros,-5.1989,-35.4608,26.86,87,64,3.65,BR,1712108362
320,sault ste. marie,46.5168,-84.3333,7.9,60,100,8.23,CA,1712108109
321,lobez,53.6392,15.6213,6.84,92,100,5.36,PL,1712108253
322,manokwari,-0.8667,134.0833,27.47,80,100,0.36,ID,1712108364
323,igrim,63.1906,64.4162,-4.33,81,98,4.41,RU,1712108364
324,mount pearl,47.5166,-52.7813,0.64,89,100,9.77,CA,1712108366
325,gamba,-2.65,10.0,26.26,90,100,2.04,GA,1712108367
326,klyuchi,52.2667,79.1667,0.86,91,93,3.02,RU,1712108367
327,gadzhiyevo,69.2551,33.3362,-19.72,100,79,3.23,RU,1712108368
328,kez,57.8979,53.7152,3.65,99,100,3.16,RU,1712108369
329,kayangel,8.0823,134.7173,27.86,81,44,10.51,PW,1712108369
330,zaozersk,69.4005,32.4476,-20.29,99,69,2.41,RU,1712108370
331,deori,21.45,82.6167,30.7,20,6,1.26,IN,1712108371
332,pakuranga,-36.8833,174.9167,23.47,62,75,2.57,NZ,1712108371
333,puerto baquerizo moreno,-0.9,-89.6,24.67,85,99,3.86,EC,1712108372
334,waddan,29.1614,16.139,19.97,37,49,1.11,LY,1712108373
335,nagqu,31.5,92.0,2.03,24,87,5.22,CN,1712108373
336,petropavlovsk-kamchatsky,53.0452,158.6483,3.33,45,40,3.0,RU,1712108374
337,polyarnyy,69.1989,33.4478,-18.86,100,79,3.35,RU,1712108375
338,kerikeri,-35.2268,173.9474,21.99,51,12,3.43,NZ,1712108264
339,wanning,18.8003,110.3967,29.04,72,17,6.99,CN,1712108376
340,holmsund,63.706,20.3641,-8.03,57,0,6.17,SE,1712108377
341,ixtapa,20.7,-105.2,23.57,73,40,4.12,MX,1712108377
342,montego bay,18.4712,-77.9188,27.89,74,20,2.06,JM,1712108325
343,skelleftea,64.7507,20.9528,-8.8,62,100,3.6,SE,1712108379
344,boa esperanca,-21.09,-45.5658,18.16,90,38,0.63,BR,1712108379
345,sabha,27.0377,14.4283,21.66,18,8,3.75,LY,1712108380
346,bubaque,11.2833,-15.8333,24.41,73,9,5.83,GW,1712108381
347,naze,28.3667,129.4833,23.51,85,42,10.19,JP,1712108381
348,walvis bay,-22.9575,14.5053,15.61,94,0,2.06,NA,1712108382
349,zemio,5.0314,25.1361,21.96,76,94,1.61,CF,1712108383
350,nova zagora,42.4833,26.0167,18.15,45,100,5.03,BG,1712108384
351,mbandaka,0.0487,18.2603,22.78,84,99,0.9,CD,1712108384
352,thinadhoo,0.5333,72.9333,28.89,72,46,1.82,MV,1712108385
353,puerto aysen,-45.4,-72.7,4.17,100,100,2.15,CL,1712108386
354,ji'an,27.1172,114.9793,23.26,88,100,1.07,CN,1712108386
355,makurazaki,31.2667,130.3167,20.08,95,100,9.45,JP,1712108387
356,cestos city,5.46,-9.5828,27.34,88,100,2.84,LR,1712108388
357,agua dulce,18.1333,-94.1333,30.88,55,28,5.89,MX,1712108365
358,lensk,60.7253,114.9278,-1.6,83,100,5.45,RU,1712108224
359,zeerust,-25.5369,26.0751,17.65,53,80,0.04,ZA,1712108390
360,st. john's,47.5649,-52.7093,1.2,90,100,9.83,CA,1712108098
361,tindouf,27.6711,-8.1474,18.25,48,0,6.17,DZ,1712108392
362,san bernardo del viento,9.3533,-75.9524,28.09,78,84,4.25,CO,1712108393
363,visby,57.6409,18.296,0.12,100,100,12.35,SE,1712108393
364,reggane,26.7158,0.1714,25.99,12,0,4.47,DZ,1712108394
365,agryz,56.5203,52.9942,5.98,92,50,4.16,RU,1712108198
366,connersville,39.6412,-85.1411,14.78,88,66,4.47,US,1712108203
367,buala,-8.145,159.5921,29.64,73,61,2.51,SB,1712108396
368,cristalina,-16.7686,-47.6136,18.14,91,100,1.05,BR,1712108397
369,pasighat,28.0667,95.3333,22.11,67,56,1.51,IN,1712108397
370,sidi akkacha,36.4647,1.3026,16.16,68,45,2.89,DZ,1712108398
371,el calafate,-50.3408,-72.2768,4.17,67,6,4.49,AR,1712108399
372,keflavik,64.0049,-22.5624,-0.05,93,0,3.09,IS,1712108399
373,brigantine,39.4101,-74.3646,8.11,97,100,6.69,US,1712108400
374,muravlenko,63.7898,74.523,1.0,99,100,10.12,RU,1712108400
375,campbell river,50.0163,-125.2446,9.74,100,100,4.12,CA,1712108386
376,kavaratti,10.5669,72.642,28.51,74,85,3.27,IN,1712108402
377,crane,31.3974,-102.3501,16.42,19,69,4.91,US,1712108402
378,linhares,-19.3911,-40.0722,24.23,89,100,1.36,BR,1712108297
379,westport,41.1415,-73.3579,7.07,89,100,7.72,US,1712108404
380,holualoa,19.6228,-155.9522,24.91,86,100,5.14,US,1712108404
381,sao paulo de olivenca,-3.3783,-68.8725,26.36,80,90,1.26,BR,1712108405
382,balykshi,47.0667,51.8667,10.0,66,0,6.0,KZ,1712108406
383,gorontalo,0.5412,123.0595,31.26,55,64,1.66,ID,1712108406
384,bakanas,44.8081,76.2772,8.53,41,56,2.51,KZ,1712108407
385,ketchikan,55.3422,-131.6461,5.26,81,100,8.23,US,1712108135
386,mili,6.0815,171.735,27.82,79,75,8.53,MH,1712108408
387,vanino,49.0869,140.2543,2.18,52,52,1.79,RU,1712108409
388,ta`u,-14.2336,-169.5144,29.19,78,100,7.26,AS,1712108410
389,nova sintra,14.8667,-24.7167,19.66,76,91,6.21,CV,1712108411
390,enriquillo,17.9,-71.2333,24.65,82,59,3.91,DO,1712108411
391,chebba,35.2372,11.115,14.96,63,0,1.08,TN,1712108412
392,comodoro rivadavia,-45.8667,-67.5,9.92,76,0,8.23,AR,1712108298
393,tam ky,15.5667,108.4833,31.95,59,84,1.09,VN,1712108413
394,montmagny,48.9734,2.3469,11.02,91,75,5.14,FR,1712108414
395,emerald,-23.5333,148.1667,30.19,48,0,4.68,AU,1712108415
396,simanggang,1.2472,111.4528,27.99,89,40,1.03,MY,1712108415
397,motueka,-41.1333,173.0167,19.5,61,73,2.22,NZ,1712108416
398,cartagena,10.3997,-75.5144,27.79,78,0,4.12,CO,1712108115
399,masjed soleyman,31.9364,49.3039,21.51,45,9,1.62,IR,1712108417
400,rufino,-34.2683,-62.7126,15.91,62,32,5.27,AR,1712108418
401,soio,-6.1349,12.3689,27.32,90,100,2.58,AO,1712108419
402,salinopolis,-0.6136,-47.3561,26.81,86,60,2.95,BR,1712108420
403,yei,4.095,30.6779,19.61,87,100,1.72,SS,1712108421
404,barbacoas,1.6715,-78.1398,23.38,97,100,0.22,CO,1712108421
405,katghora,22.5,82.55,28.27,23,86,2.16,IN,1712108423
406,nova vicosa,-17.8919,-39.3719,25.62,85,100,2.12,BR,1712108424
407,umluj,25.0213,37.2685,25.21,62,0,1.92,SA,1712108425
408,khandyga,62.6667,135.6,-7.53,87,100,0.54,RU,1712108426
409,magadan,59.5667,150.8,-2.79,60,0,1.32,RU,1712108426
410,tawau,4.2498,117.8871,29.07,71,72,0.86,MY,1712108427
411,tuba city,36.135,-111.2399,13.1,26,0,1.92,US,1712108428
412,sovetskiy,61.3614,63.5842,3.83,99,100,5.36,RU,1712108428
413,formosa do rio preto,-11.0483,-45.1931,23.45,87,97,0.58,BR,1712108429
414,kabalo,-6.05,26.9167,20.91,97,100,0.76,CD,1712108430
415,jijel,36.8205,5.7667,10.97,87,0,1.54,DZ,1712108431
416,port saint john's,-31.6229,29.5448,21.3,74,100,1.88,ZA,1712108431
417,luwuk,-0.9516,122.7875,31.31,65,58,1.47,ID,1712108432
418,catabola,-12.15,17.2833,16.28,98,100,1.36,AO,1712108433
419,onega,63.9061,38.1404,-7.11,78,100,5.8,RU,1712108433
420,kone,-21.0595,164.8658,30.01,54,13,2.1,NC,1712108434
421,le puy-en-velay,45.0437,3.8852,6.3,85,100,3.29,FR,1712108435
422,kuleshovka,47.078,39.5579,15.79,52,100,3.21,RU,1712108435
423,port douglas,-16.4833,145.4667,27.34,80,91,5.66,AU,1712108436
424,barcelos,41.5388,-8.6151,14.08,97,96,2.36,PT,1712108438
425,santana,-0.0583,-51.1817,29.1,84,20,4.63,BR,1712108438
426,banapur,19.7833,85.1833,29.51,66,1,1.88,IN,1712108439
427,boali,4.8005,18.1275,24.43,73,93,1.61,CF,1712108440
428,bulawayo,-20.15,28.5833,14.89,75,11,3.04,ZW,1712108440
429,questembert,47.6667,-2.4667,11.82,100,100,4.63,FR,1712108441
430,hwacheon,38.1061,127.7067,14.86,63,100,1.88,KR,1712108442
431,banda aceh,5.5577,95.3222,28.65,76,76,0.08,ID,1712108442
432,sona,45.4388,10.8255,8.75,86,0,3.09,IT,1712108443
433,jolo,6.05,121.0167,30.38,64,13,1.83,PH,1712108444
434,massakory,12.996,15.7293,28.46,12,95,4.53,TD,1712108444
435,camocim,-2.9022,-40.8411,26.19,89,92,2.03,BR,1712108445
436,dompierre-sur-mer,46.1882,-1.0635,12.95,93,100,7.6,FR,1712108446
437,salalah,17.0151,54.0924,26.05,50,0,1.03,OM,1712108446
438,amungan,15.3652,119.9582,30.92,51,3,1.2,PH,1712108447
439,parral,26.9333,-105.6667,10.02,41,1,8.94,MX,1712108233
440,jingdezhen,29.2947,117.2079,18.23,89,100,2.15,CN,1712108448
441,broken hill,-31.95,141.4333,18.57,41,0,4.61,AU,1712108328
442,tahe,52.3333,124.7333,0.66,58,100,4.55,CN,1712108450
443,bikenibeu village,1.3673,173.1241,26.98,94,75,2.06,KI,1712108450
444,susuman,62.7833,148.1667,-9.66,51,0,1.34,RU,1712108451
445,caleta de carquin,-11.0925,-77.6267,22.07,83,60,2.44,PE,1712108452
446,grimstad,58.3405,8.5934,-0.98,71,61,5.82,NO,1712108453
447,coquimbo,-29.9533,-71.3436,15.85,88,0,1.54,CL,1712108429
448,pomerode,-26.7406,-49.1769,23.36,96,78,0.83,BR,1712108311
449,sisimiut,66.9395,-53.6735,-5.15,72,48,3.41,GL,1712108455
450,n'zeto,-7.2312,12.8666,26.55,89,100,2.71,AO,1712108455
451,acarau,-2.8856,-40.12,26.5,85,87,2.04,BR,1712108456
452,lamu,-2.2717,40.902,27.57,82,100,3.86,KE,1712108457
453,lobujya,27.95,86.8167,-6.64,65,16,1.5,NP,1712108457
454,east ballina,-28.8667,153.5833,30.44,70,38,4.18,AU,1712108458
455,dampit,-8.2116,112.7493,28.96,65,42,1.9,ID,1712108459
456,bourg-saint-andeol,44.3757,4.6427,11.62,89,100,1.89,FR,1712108459
457,sinop,41.7711,34.8709,14.72,46,94,1.86,TR,1712108460
458,vargashi,55.3556,65.8467,0.61,93,67,4.86,RU,1712108461
459,darwin,-12.4611,130.8418,31.08,70,75,5.66,AU,1712108190
460,minas de marcona,-15.2119,-75.1103,17.62,76,98,3.19,PE,1712108462
461,timbuktu,16.7735,-3.0074,31.62,15,0,4.49,ML,1712108463
462,amos,48.5669,-78.1162,-1.3,84,57,4.38,CA,1712108464
463,rice lake,45.5061,-91.7382,1.18,93,100,8.23,US,1712108464
464,la'ie,21.6477,-157.9253,28.98,70,61,5.81,US,1712108465
465,middlebury (village),44.0153,-73.1673,9.05,50,75,2.06,US,1712108466
466,ar ruseris,11.8659,34.3869,28.84,48,99,1.31,SD,1712108466
467,aioun,16.6614,-9.6149,32.31,15,4,4.03,MR,1712108467
468,callao,-12.0667,-77.15,25.4,73,0,4.63,PE,1712108237
469,miyako,39.6367,141.9525,10.65,58,100,2.66,JP,1712108469
470,jiazi,22.8779,116.067,26.7,72,1,6.18,CN,1712108469
471,choibalsan,48.0667,114.5,-3.78,61,0,4.42,MN,1712108470
472,banff,51.1762,-115.5698,13.57,35,6,5.66,CA,1712108471
473,dobrinka,52.1653,40.4731,14.34,68,100,8.31,RU,1712108472
474,guatrache,-37.6678,-63.5302,19.19,51,95,3.43,AR,1712108473
475,linfen,36.0889,111.5189,11.97,68,100,5.88,CN,1712108473
476,senanga,-16.1167,23.2667,19.96,69,63,1.55,ZM,1712108474
477,tosontsengel,48.7567,98.2839,-4.69,80,100,0.93,MN,1712108475
478,okhotsk,59.3833,143.3,-2.54,67,8,7.0,RU,1712108476
479,pimenta bueno,-11.6725,-61.1936,24.43,91,100,0.15,BR,1712108476
480,hilo,19.7297,-155.09,24.97,81,100,6.69,US,1712108288
481,ulsteinvik,62.3432,5.8487,1.53,58,93,4.92,NO,1712108478
482,lyubymivka,46.8106,33.5686,10.26,68,98,7.59,UA,1712108479
483,port lincoln,-34.7333,135.8667,17.86,61,100,3.15,AU,1712108248
484,mulayjah,27.271,48.4242,22.0,31,83,2.55,SA,1712108480
485,suva,-18.1416,178.4415,29.71,79,75,5.66,FJ,1712108481
486,bardai,11.65,7.2333,26.95,16,10,3.12,NG,1712108482
487,tazacorte,28.629,-17.9293,17.54,83,0,3.13,ES,1712108483
488,tsiombe,-25.3,45.4833,21.41,87,0,5.34,MG,1712108484
489,hell-ville,-13.4,48.2667,26.87,82,100,1.8,MG,1712108485
490,west fargo,46.875,-96.9004,4.0,71,100,9.77,US,1712108421
491,mersin,36.862,34.6509,17.86,57,84,1.63,TR,1712108486
492,ponta delgada,37.7333,-25.6667,18.44,88,20,8.23,PT,1712108487
493,riohacha,11.5444,-72.9072,27.69,68,100,5.91,CO,1712108487
494,flying fish cove,-10.4217,105.6791,28.82,78,75,5.66,CX,1712108488
495,lazaro cardenas,17.9583,-102.2,23.63,84,5,3.07,MX,1712108396
496,savanna-la-mar,18.219,-78.1332,27.97,86,99,1.76,JM,1712108489
497,nova olinda do norte,-3.8881,-59.0942,24.23,99,100,1.06,BR,1712108490
498,howrah,22.5892,88.3103,29.0,84,37,2.06,IN,1712108491
499,basco,20.4487,121.9702,27.04,82,0,7.22,PH,1712108492
500,yass,-34.8333,148.9167,23.11,56,0,2.24,AU,1712108492
501,road town,18.4167,-64.6167,26.02,73,40,6.69,VG,1712108493
502,arkalyk,50.2486,66.9114,1.57,93,81,2.13,KZ,1712108494
503,wenchang,30.904,118.4887,15.23,94,100,3.42,CN,1712108494
504,guerrero negro,27.9769,-114.0611,17.26,70,0,8.21,MX,1712108495
505,cova figueira,14.8905,-24.2934,19.75,75,16,7.28,CV,1712108496
506,saryaghash,41.45,69.1667,9.96,65,100,1.9,KZ,1712108497
507,jember,-8.166,113.7032,30.14,69,51,1.12,ID,1712108498
508,kailua-kona,19.6406,-155.9956,26.98,85,100,5.14,US,1712108263
509,tavsanli,39.5424,29.4987,14.07,44,100,1.6,TR,1712108499
510,zalanga,10.6143,10.1765,26.0,16,1,1.66,NG,1712108500
511,kiunga,-6.1219,141.2906,31.28,68,78,0.93,PG,1712108500
512,port macquarie,-31.4333,152.9167,25.5,52,52,3.62,AU,1712108459
513,omis,43.4447,16.6886,10.96,71,50,1.47,HR,1712108502
514,aksu,41.1231,80.2644,10.0,37,9,0.71,CN,1712108502
515,san pedro pochutla,15.7333,-96.4667,26.84,76,92,4.04,MX,1712108503
516,lae,-6.7221,146.9847,29.37,71,83,3.41,PG,1712108503
517,kilindoni,-7.9139,39.6668,27.05,84,100,3.87,TZ,1712108504
518,kushiro,42.975,144.3747,6.53,49,20,5.66,JP,1712108505
519,mont-joli,48.5839,-68.1921,-0.28,86,100,5.14,CA,1712108505
520,narvik,68.4384,17.4272,-11.33,78,51,2.5,NO,1712108506
521,lorengau,-2.0226,147.2712,28.12,84,99,4.75,PG,1712108507
522,peterborough,52.5736,-0.2478,10.73,93,100,4.63,GB,1712108318
523,quibdo,5.6947,-76.6611,23.57,98,100,1.23,CO,1712108508
524,saldanha,-33.0117,17.9442,15.02,86,100,5.23,ZA,1712108509
525,andovoranto,-18.95,49.1,22.76,93,65,3.14,MG,1712108509
526,chivilcoy,-34.8957,-60.0167,12.56,87,18,2.9,AR,1712108409
527,coahuayana de hidalgo,18.7,-103.6583,22.38,81,71,0.89,MX,1712108511
528,cumbum,9.7333,77.3,25.47,83,96,0.39,IN,1712108511
529,mil'kovo,55.6078,37.7956,15.22,75,100,5.95,RU,1712108512
530,vernon,50.2581,-119.2691,20.2,50,100,3.6,CA,1712108513
531,kokpekty,48.75,82.4,1.1,94,100,0.4,KZ,1712108425
532,cidreira,-30.1811,-50.2056,20.35,85,30,1.85,BR,1712108514
533,natal,-5.795,-35.2094,28.36,89,75,1.54,BR,1712108069
534,polovinnoye,54.7914,65.9864,0.54,93,80,4.62,RU,1712108515
535,altamira,-3.2033,-52.2064,23.68,98,100,1.07,BR,1712108516
536,majholi,23.5,79.9167,22.58,23,92,1.36,IN,1712108517
537,eyl,7.9803,49.8164,26.28,77,47,3.82,SO,1712108517
538,juegang,32.3174,121.1855,12.28,95,100,7.19,CN,1712108518
539,san luis de la loma,17.2706,-100.8939,24.78,83,42,3.94,MX,1712108519
540,bida,9.0833,6.0167,28.77,66,91,2.75,NG,1712108520
541,sakchu-up,40.3894,125.0467,10.82,32,100,6.49,KP,1712108520
542,prokuplje,43.2342,21.5881,5.6,83,2,1.26,RS,1712108521
543,carutapera,-1.195,-46.02,25.65,92,98,1.82,BR,1712108522
544,boguchany,58.3814,97.4531,-0.64,95,99,1.34,RU,1712108522
545,camana,-16.6228,-72.7111,21.44,80,41,1.45,PE,1712108523
546,arraial do cabo,-22.9661,-42.0278,23.92,88,0,1.54,BR,1712108437
547,labytnangi,66.6572,66.4183,-18.53,84,5,4.66,RU,1712108348
548,shenjiamen,29.9576,122.298,15.93,97,100,4.16,CN,1712108525
549,longquan,24.6719,102.1613,23.93,33,2,6.55,CN,1712108526
550,tamanrasset,22.785,5.5228,18.95,10,0,1.54,DZ,1712108526
551,damavand,35.7178,52.065,4.45,58,85,1.26,IR,1712108527
552,tokar,18.4254,37.729,27.05,80,91,2.52,SD,1712108528
553,marica,-22.9194,-42.8186,24.97,89,100,2.06,BR,1712108528
554,mar del plata,-38.0023,-57.5575,17.19,72,0,13.41,AR,1712108111
555,pemba,-12.974,40.5178,25.39,94,40,3.09,MZ,1712108530
556,jackson,42.4165,-122.8345,26.93,29,0,6.17,US,1712108531
557,quellon,-43.1167,-73.6167,7.44,80,100,3.01,CL,1712108531
558,saltpond,5.2091,-1.0606,26.61,86,91,2.19,GH,1712108532
559,haiku-pauwela,20.9219,-156.3051,26.79,71,40,11.32,US,1712108533
560,nizhnyaya salda,58.0776,60.7202,4.78,98,100,3.99,RU,1712108534
561,alibag,18.6411,72.8792,27.04,67,29,1.95,IN,1712108534
562,mount gambier,-37.8333,140.7667,16.02,61,94,3.34,AU,1712108492
